label,n_candidates,mechanism,params,calib_f05,val_macro_f05,val_no_match_fp,val_f05_no_match,val_f05_single
SYNTHETIC VALIDATION — NOT COMPETITION PERFORMANCE,1,top1_t,{'t': np.float64(0.4)},0.8886,0.9117,0.0256,0.9744,0.9429
SYNTHETIC VALIDATION — NOT COMPETITION PERFORMANCE,1,top1_margin,"{'t': np.float64(0.4), 'm': 0.0}",0.8886,0.9117,0.0256,0.9744,0.9429
SYNTHETIC VALIDATION — NOT COMPETITION PERFORMANCE,1,multi,"{'t': np.float64(0.4), 'delta': 0.05}",0.8886,0.9117,0.0256,0.9744,0.9429
SYNTHETIC VALIDATION — NOT COMPETITION PERFORMANCE,1,gmm,{'t': np.float64(0.4)},0.8886,0.9117,0.0256,0.9744,0.9429
SYNTHETIC VALIDATION — NOT COMPETITION PERFORMANCE,2,top1_t,{'t': np.float64(0.4)},0.8886,0.9117,0.0256,0.9744,0.9429
SYNTHETIC VALIDATION — NOT COMPETITION PERFORMANCE,2,top1_margin,"{'t': np.float64(0.4), 'm': 0.0}",0.8886,0.9117,0.0256,0.9744,0.9429
SYNTHETIC VALIDATION — NOT COMPETITION PERFORMANCE,2,multi,"{'t': np.float64(0.4), 'delta': 0.15}",0.9185,0.9421,0.0256,0.9744,0.9403
SYNTHETIC VALIDATION — NOT COMPETITION PERFORMANCE,2,gmm,{'t': np.float64(0.4)},0.9168,0.9395,0.0256,0.9744,0.942
SYNTHETIC VALIDATION — NOT COMPETITION PERFORMANCE,3,top1_t,{'t': np.float64(0.4)},0.8886,0.9117,0.0256,0.9744,0.9429
SYNTHETIC VALIDATION — NOT COMPETITION PERFORMANCE,3,top1_margin,"{'t': np.float64(0.4), 'm': 0.0}",0.8886,0.9117,0.0256,0.9744,0.9429
SYNTHETIC VALIDATION — NOT COMPETITION PERFORMANCE,3,multi,"{'t': np.float64(0.4), 'delta': 0.2}",0.9262,0.9505,0.0256,0.9744,0.9403
SYNTHETIC VALIDATION — NOT COMPETITION PERFORMANCE,3,gmm,{'t': np.float64(0.4)},0.9222,0.945,0.0256,0.9744,0.9319
SYNTHETIC VALIDATION — NOT COMPETITION PERFORMANCE,4,top1_t,{'t': np.float64(0.4)},0.8886,0.9117,0.0256,0.9744,0.9429
SYNTHETIC VALIDATION — NOT COMPETITION PERFORMANCE,4,top1_margin,"{'t': np.float64(0.4), 'm': 0.0}",0.8886,0.9117,0.0256,0.9744,0.9429
SYNTHETIC VALIDATION — NOT COMPETITION PERFORMANCE,4,multi,"{'t': np.float64(0.4), 'delta': 0.2}",0.9278,0.952,0.0256,0.9744,0.9403
SYNTHETIC VALIDATION — NOT COMPETITION PERFORMANCE,4,gmm,{'t': np.float64(0.4)},0.9258,0.9486,0.0256,0.9744,0.9319
