label,mechanism,params,calib_f05,val_n,val_macro_f05,val_pair_precision,val_pair_recall,val_no_match_fp_rate,val_multi_precision,val_multi_recall,val_fp_per_entity,val_fn_per_entity,val_accepted_per_entity,f05[cand_bucket=20+],f05[cand_bucket=5-20],f05[gt_type=multi],f05[gt_type=no_match],f05[gt_type=single],f05[country=BR],f05[country=DE],f05[country=FR],f05[country=IN],f05[country=JP],f05[country=US],f05[true_sources=none],f05[true_sources=source2],f05[true_sources=source2+source3],f05[true_sources=source3],collapses,bootstrap_vs_default
SYNTHETIC VALIDATION — NOT COMPETITION PERFORMANCE,raw:multi+excl,"{'t': np.float64(0.75), 'delta': 0.05}",0.9271,1200,0.9535,0.9654,0.9254,0.0372,0.9871,0.8988,0.0333,0.075,0.9642,0.9524,0.9871,0.9487,0.9628,0.9481,0.9383,0.9538,0.9548,0.9406,0.9418,0.964,0.9628,0.967,0.9485,0.9226,[],"{'diff': 0.0015, 'ci90': [-0.004, 0.0074], 'p_improve': 0.663}"
SYNTHETIC VALIDATION — NOT COMPETITION PERFORMANCE,cal:multi+excl,"{'t': np.float64(0.4), 'delta': 0.2}",0.9283,1200,0.952,0.98,0.8931,0.0256,0.9881,0.8548,0.0183,0.1075,0.9167,0.951,0.9814,0.9378,0.9744,0.9403,0.9562,0.955,0.9462,0.9535,0.9345,0.9546,0.9744,0.9638,0.9354,0.909,[],"{'diff': 0.0, 'ci90': [0.0, 0.0], 'p_improve': 0.0}"
SYNTHETIC VALIDATION — NOT COMPETITION PERFORMANCE,cal:multi,"{'t': np.float64(0.4), 'delta': 0.2}",0.9278,1200,0.952,0.98,0.8931,0.0256,0.9881,0.8548,0.0183,0.1075,0.9167,0.951,0.9814,0.9378,0.9744,0.9403,0.9562,0.955,0.9462,0.9535,0.9345,0.9546,0.9744,0.9638,0.9354,0.909,[],"{'diff': 0.0, 'ci90': [0.0, 0.0], 'p_improve': 0.0}"
SYNTHETIC VALIDATION — NOT COMPETITION PERFORMANCE,cal:threshold+excl,{'t': np.float64(0.4)},0.927,1200,0.9505,0.971,0.9155,0.0256,0.9855,0.8944,0.0275,0.085,0.9483,0.9492,0.9871,0.9465,0.9744,0.9327,0.9502,0.9549,0.9461,0.9512,0.9227,0.9557,0.9744,0.9552,0.9468,0.9059,[],"{'diff': -0.0016, 'ci90': [-0.0037, 0.0004], 'p_improve': 0.102}"
SYNTHETIC VALIDATION — NOT COMPETITION PERFORMANCE,cal:multi_t2+excl,"{'t': np.float64(0.4), 't2': np.float64(0.4)}",0.927,1200,0.9505,0.971,0.9155,0.0256,0.9855,0.8944,0.0275,0.085,0.9483,0.9492,0.9871,0.9465,0.9744,0.9327,0.9502,0.9549,0.9461,0.9512,0.9227,0.9557,0.9744,0.9552,0.9468,0.9059,[],"{'diff': -0.0016, 'ci90': [-0.0037, 0.0004], 'p_improve': 0.102}"
SYNTHETIC VALIDATION — NOT COMPETITION PERFORMANCE,cal:gmm+excl,{'t': np.float64(0.4)},0.9261,1200,0.9505,0.971,0.9155,0.0256,0.9855,0.8944,0.0275,0.085,0.9483,0.9492,0.9871,0.9465,0.9744,0.9327,0.9502,0.9549,0.9461,0.9512,0.9227,0.9557,0.9744,0.9552,0.9468,0.9059,[],"{'diff': -0.0016, 'ci90': [-0.0037, 0.0004], 'p_improve': 0.102}"
SYNTHETIC VALIDATION — NOT COMPETITION PERFORMANCE,cal:multi_t2,"{'t': np.float64(0.4), 't2': np.float64(0.4)}",0.9261,1200,0.9501,0.9701,0.9155,0.0256,0.9855,0.8944,0.0283,0.085,0.9492,0.9488,0.9871,0.9465,0.9744,0.9319,0.9502,0.9549,0.9461,0.9512,0.9227,0.9548,0.9744,0.9552,0.9468,0.9041,[],"{'diff': -0.0019, 'ci90': [-0.0042, 0.0002], 'p_improve': 0.064}"
SYNTHETIC VALIDATION — NOT COMPETITION PERFORMANCE,cal:gmm,{'t': np.float64(0.4)},0.9251,1200,0.9501,0.9701,0.9155,0.0256,0.9855,0.8944,0.0283,0.085,0.9492,0.9488,0.9871,0.9465,0.9744,0.9319,0.9502,0.9549,0.9461,0.9512,0.9227,0.9548,0.9744,0.9552,0.9468,0.9041,[],"{'diff': -0.0019, 'ci90': [-0.0042, 0.0002], 'p_improve': 0.064}"
SYNTHETIC VALIDATION — NOT COMPETITION PERFORMANCE,cal:threshold,{'t': np.float64(0.4)},0.9261,1200,0.9501,0.9701,0.9155,0.0256,0.9855,0.8944,0.0283,0.085,0.9492,0.9488,0.9871,0.9465,0.9744,0.9319,0.9502,0.9549,0.9461,0.9512,0.9227,0.9548,0.9744,0.9552,0.9468,0.9041,[],"{'diff': -0.0019, 'ci90': [-0.0042, 0.0002], 'p_improve': 0.064}"
SYNTHETIC VALIDATION — NOT COMPETITION PERFORMANCE,raw:threshold+excl,{'t': np.float64(0.965)},0.926,1200,0.9493,0.9726,0.913,0.0256,0.987,0.893,0.0258,0.0875,0.9442,0.9479,0.9871,0.9469,0.9744,0.9297,0.9502,0.9549,0.9498,0.9459,0.9227,0.9539,0.9744,0.9536,0.9475,0.902,[],"{'diff': -0.0028, 'ci90': [-0.0058, -0.0002], 'p_improve': 0.037}"
SYNTHETIC VALIDATION — NOT COMPETITION PERFORMANCE,raw:multi_t2+excl,"{'t': np.float64(0.95), 't2': np.float64(0.95)}",0.9247,1200,0.9493,0.9694,0.918,0.0279,0.9871,0.8988,0.0292,0.0825,0.9525,0.948,0.9871,0.9487,0.9721,0.931,0.9465,0.9538,0.9467,0.9459,0.9227,0.9561,0.9721,0.9527,0.9485,0.907,[],"{'diff': -0.0027, 'ci90': [-0.0055, -0.0002], 'p_improve': 0.039}"
SYNTHETIC VALIDATION — NOT COMPETITION PERFORMANCE,raw:multi,"{'t': np.float64(0.965), 'delta': 0.05}",0.9244,1200,0.9487,0.9709,0.913,0.0256,0.9854,0.893,0.0275,0.0875,0.9458,0.9474,0.9871,0.946,0.9744,0.9289,0.9502,0.9549,0.9498,0.9459,0.9227,0.9527,0.9744,0.9536,0.9462,0.9002,[],"{'diff': -0.0033, 'ci90': [-0.0063, -0.0007], 'p_improve': 0.015}"
SYNTHETIC VALIDATION — NOT COMPETITION PERFORMANCE,raw:threshold,{'t': np.float64(0.965)},0.9244,1200,0.9487,0.9709,0.913,0.0256,0.9854,0.893,0.0275,0.0875,0.9458,0.9474,0.9871,0.946,0.9744,0.9289,0.9502,0.9549,0.9498,0.9459,0.9227,0.9527,0.9744,0.9536,0.9462,0.9002,[],"{'diff': -0.0033, 'ci90': [-0.0063, -0.0007], 'p_improve': 0.015}"
SYNTHETIC VALIDATION — NOT COMPETITION PERFORMANCE,cal:hybrid_by_bucket,"{'5-20': {'mechanism': 'multi', 'params': {'t': np.float64(0.05), 'delta': 0.15}, 'calib_f05': 0.9231}, '20+': {'mechanism': 'multi', 'params': {'t': np.float64(0.4), 'delta': 0.2}, 'calib_f05': 0.928}}",,1200,0.9485,0.9764,0.8923,0.0349,0.9881,0.8534,0.0217,0.1083,0.9192,0.951,0.876,0.9369,0.9651,0.9403,0.9562,0.9339,0.9462,0.9535,0.9249,0.9546,0.9651,0.9638,0.9341,0.909,[],"{'diff': -0.0035, 'ci90': [-0.0064, -0.001], 'p_improve': 0.0}"
SYNTHETIC VALIDATION — NOT COMPETITION PERFORMANCE,raw:multi_t2,"{'t': np.float64(0.95), 't2': np.float64(0.95)}",0.9231,1200,0.948,0.9668,0.918,0.0302,0.9855,0.8988,0.0317,0.0825,0.955,0.9466,0.9871,0.9479,0.9698,0.9302,0.9465,0.9538,0.9467,0.9459,0.9132,0.9548,0.9698,0.9527,0.9472,0.9052,[],"{'diff': -0.004, 'ci90': [-0.0072, -0.0012], 'p_improve': 0.008}"
SYNTHETIC VALIDATION — NOT COMPETITION PERFORMANCE,raw:hybrid_by_bucket,"{'5-20': {'mechanism': 'multi', 'params': {'t': np.float64(0.05), 'delta': 0.05}, 'calib_f05': 0.9231}, '20+': {'mechanism': 'multi', 'params': {'t': np.float64(0.965), 'delta': 0.05}, 'calib_f05': 0.9245}}",,1200,0.947,0.9692,0.913,0.0302,0.9854,0.893,0.0292,0.0875,0.9475,0.9474,0.9371,0.946,0.9698,0.9289,0.9502,0.9418,0.9498,0.9459,0.9227,0.9527,0.9698,0.9536,0.9462,0.9002,[],"{'diff': -0.005, 'ci90': [-0.0086, -0.0018], 'p_improve': 0.004}"
SYNTHETIC VALIDATION — NOT COMPETITION PERFORMANCE,raw:gmm+excl,{'t': np.float64(0.7)},0.9177,1200,0.9431,0.9466,0.9395,0.0419,0.9798,0.9252,0.0533,0.0608,0.9983,0.9415,0.9887,0.9406,0.9581,0.9319,0.9218,0.9472,0.9585,0.9188,0.9324,0.9544,0.9581,0.9523,0.942,0.9057,[],"{'diff': -0.009, 'ci90': [-0.0154, -0.0015], 'p_improve': 0.02}"
SYNTHETIC VALIDATION — NOT COMPETITION PERFORMANCE,raw:gmm,{'t': np.float64(0.7)},0.9117,1200,0.9414,0.9419,0.9395,0.0442,0.9768,0.9252,0.0583,0.0608,1.0033,0.9398,0.9887,0.9386,0.9558,0.931,0.9218,0.9472,0.9585,0.9188,0.9229,0.9526,0.9558,0.9515,0.9407,0.9039,[],"{'diff': -0.0106, 'ci90': [-0.0174, -0.0028], 'p_improve': 0.008}"
SYNTHETIC VALIDATION — NOT COMPETITION PERFORMANCE,raw:top1_t+excl,{'t': np.float64(0.75)},0.8875,1200,0.915,0.9751,0.6172,0.0372,0.9959,0.3534,0.0158,0.385,0.6367,0.9148,0.9208,0.7347,0.9628,0.96,0.9033,0.9199,0.9039,0.9114,0.9147,0.9204,0.9628,0.9539,0.7161,0.9107,[],"{'diff': -0.037, 'ci90': [-0.0441, -0.0299], 'p_improve': 0.0}"
SYNTHETIC VALIDATION — NOT COMPETITION PERFORMANCE,raw:top1_margin+excl,"{'t': np.float64(0.75), 'm': 0.0}",0.8875,1200,0.915,0.9751,0.6172,0.0372,0.9959,0.3534,0.0158,0.385,0.6367,0.9148,0.9208,0.7347,0.9628,0.96,0.9033,0.9199,0.9039,0.9114,0.9147,0.9204,0.9628,0.9539,0.7161,0.9107,[],"{'diff': -0.037, 'ci90': [-0.0441, -0.0299], 'p_improve': 0.0}"
SYNTHETIC VALIDATION — NOT COMPETITION PERFORMANCE,cal:top1_t,{'t': np.float64(0.4)},0.8886,1200,0.9117,0.9826,0.6098,0.0256,0.9959,0.3534,0.0108,0.3925,0.6242,0.9114,0.9208,0.7347,0.9744,0.9429,0.9115,0.9199,0.8957,0.922,0.8957,0.9125,0.9744,0.9395,0.7161,0.895,[],"{'diff': -0.0403, 'ci90': [-0.0454, -0.0355], 'p_improve': 0.0}"
SYNTHETIC VALIDATION — NOT COMPETITION PERFORMANCE,cal:top1_t+excl,{'t': np.float64(0.4)},0.8886,1200,0.9117,0.9826,0.6098,0.0256,0.9959,0.3534,0.0108,0.3925,0.6242,0.9114,0.9208,0.7347,0.9744,0.9429,0.9115,0.9199,0.8957,0.922,0.8957,0.9125,0.9744,0.9395,0.7161,0.895,[],"{'diff': -0.0403, 'ci90': [-0.0454, -0.0355], 'p_improve': 0.0}"
SYNTHETIC VALIDATION — NOT COMPETITION PERFORMANCE,cal:top1_margin+excl,"{'t': np.float64(0.4), 'm': 0.0}",0.8886,1200,0.9117,0.9826,0.6098,0.0256,0.9959,0.3534,0.0108,0.3925,0.6242,0.9114,0.9208,0.7347,0.9744,0.9429,0.9115,0.9199,0.8957,0.922,0.8957,0.9125,0.9744,0.9395,0.7161,0.895,[],"{'diff': -0.0403, 'ci90': [-0.0454, -0.0355], 'p_improve': 0.0}"
SYNTHETIC VALIDATION — NOT COMPETITION PERFORMANCE,cal:top1_margin,"{'t': np.float64(0.4), 'm': 0.0}",0.8886,1200,0.9117,0.9826,0.6098,0.0256,0.9959,0.3534,0.0108,0.3925,0.6242,0.9114,0.9208,0.7347,0.9744,0.9429,0.9115,0.9199,0.8957,0.922,0.8957,0.9125,0.9744,0.9395,0.7161,0.895,[],"{'diff': -0.0403, 'ci90': [-0.0454, -0.0355], 'p_improve': 0.0}"
SYNTHETIC VALIDATION — NOT COMPETITION PERFORMANCE,raw:top1_margin,"{'t': np.float64(0.95), 'm': 0.0}",0.8864,1200,0.91,0.98,0.6098,0.0302,0.9959,0.3534,0.0125,0.3925,0.6258,0.9096,0.9208,0.7347,0.9698,0.9429,0.9115,0.9199,0.8957,0.9167,0.8862,0.9125,0.9698,0.9395,0.7161,0.895,[],"{'diff': -0.042, 'ci90': [-0.0474, -0.037], 'p_improve': 0.0}"
SYNTHETIC VALIDATION — NOT COMPETITION PERFORMANCE,raw:top1_t,{'t': np.float64(0.965)},0.8875,1200,0.91,0.9826,0.6081,0.0256,0.9959,0.3534,0.0108,0.3942,0.6225,0.9096,0.9208,0.7347,0.9744,0.939,0.9115,0.9199,0.8957,0.9167,0.8957,0.9106,0.9744,0.9367,0.7161,0.8911,[],"{'diff': -0.042, 'ci90': [-0.0475, -0.0369], 'p_improve': 0.0}"
SYNTHETIC VALIDATION — NOT COMPETITION PERFORMANCE,cal:top1+excl,{},0.6918,1200,0.7108,0.7303,0.628,0.6372,0.9918,0.3534,0.2333,0.3742,0.865,0.7105,0.7208,0.7347,0.3628,0.9848,0.7066,0.7434,0.699,0.7209,0.6957,0.7043,0.3628,0.9625,0.7161,0.9499,['f05[gt_type=no_match]'],"{'diff': -0.2412, 'ci90': [-0.2624, -0.2207], 'p_improve': 0.0}"
SYNTHETIC VALIDATION — NOT COMPETITION PERFORMANCE,raw:top1+excl,{},0.6885,1200,0.71,0.7288,0.628,0.6395,0.9877,0.3534,0.235,0.3742,0.8667,0.7096,0.7208,0.7347,0.3605,0.9848,0.7148,0.7369,0.7072,0.7209,0.7052,0.6984,0.3605,0.9625,0.7161,0.9499,['f05[gt_type=no_match]'],"{'diff': -0.242, 'ci90': [-0.2632, -0.2218], 'p_improve': 0.0}"
SYNTHETIC VALIDATION — NOT COMPETITION PERFORMANCE,raw:top1,{},0.5673,1200,0.5808,0.6317,0.628,1.0,0.9837,0.3534,0.3683,0.3742,1.0,0.5777,0.6708,0.7347,0.0,0.9848,0.6329,0.6061,0.5843,0.6098,0.5528,0.555,0.0,0.9625,0.7161,0.9499,['f05[gt_type=no_match]'],"{'diff': -0.3712, 'ci90': [-0.3932, -0.3483], 'p_improve': 0.0}"
SYNTHETIC VALIDATION — NOT COMPETITION PERFORMANCE,cal:top1,{},0.5685,1200,0.5808,0.6317,0.628,1.0,0.9837,0.3534,0.3683,0.3742,1.0,0.5777,0.6708,0.7347,0.0,0.9848,0.6329,0.6061,0.5843,0.6098,0.5528,0.555,0.0,0.9625,0.7161,0.9499,['f05[gt_type=no_match]'],"{'diff': -0.3712, 'ci90': [-0.3932, -0.3483], 'p_improve': 0.0}"
