label,entity_id,e,cand_count,best_score,second_score,best_true_score,best_false_score,true_rank,retrieved_true,n_accepted,tp,n_true,fp,fn,score_gap_top2,true_false_gap,n_above_t,cand_bucket,error_class,country,true_sources
SYNTHETIC VALIDATION — NOT COMPETITION PERFORMANCE,E0000023,23,37,0.900001,0.8571439,0.900001,0.08333338,1.0,4,2,2,4,0,2,0.04285711,0.8166676,2,20+,multi_under_selection,BR,source2+source3
SYNTHETIC VALIDATION — NOT COMPETITION PERFORMANCE,E0000025,25,39,0.8750011,0.8571438,0.8750011,0.8571438,1.0,1,2,1,1,1,0,0.017857254,0.017857254,2,20+,over_selection,IN,source2
SYNTHETIC VALIDATION — NOT COMPETITION PERFORMANCE,E0000058,58,46,1.000001,1.000001,1.000001,0.0833334,1.0,3,3,3,4,0,1,0.0,0.9166676,3,20+,retrieval_miss,BR,source2+source3
SYNTHETIC VALIDATION — NOT COMPETITION PERFORMANCE,E0000092,92,40,0.35714376,1.4140052e-10,0.35714376,1.4140052e-10,1.0,1,0,0,1,0,1,0.35714376,0.35714376,0,20+,decision_miss,US,source3
SYNTHETIC VALIDATION — NOT COMPETITION PERFORMANCE,E0000128,128,42,1.000001,1.000001,1.000001,5.0877608e-11,1.0,4,3,3,4,0,1,0.0,1.000001,4,20+,multi_under_selection,BR,source2+source3
SYNTHETIC VALIDATION — NOT COMPETITION PERFORMANCE,E0000148,148,44,0.023809541,0.0013513517,0.023809541,0.0013513517,1.0,1,0,0,1,0,1,0.02245819,0.02245819,0,20+,decision_miss,US,source2
SYNTHETIC VALIDATION — NOT COMPETITION PERFORMANCE,E0000212,212,38,1.000001,0.3571438,1.000001,5.5659134e-11,1.0,2,1,1,2,0,1,0.6428572,1.000001,1,20+,multi_under_selection,IN,source3
SYNTHETIC VALIDATION — NOT COMPETITION PERFORMANCE,E0000233,233,28,0.8571439,6.439501e-11,,0.8571439,,0,1,0,0,1,0,0.8571439,,1,20+,no_match_false_positive,US,none
SYNTHETIC VALIDATION — NOT COMPETITION PERFORMANCE,E0000249,249,25,1.000001,0.35714376,1.000001,0.0013513601,1.0,2,1,1,2,0,1,0.6428572,0.9986496,1,20+,multi_under_selection,FR,source2+source3
SYNTHETIC VALIDATION — NOT COMPETITION PERFORMANCE,E0000254,254,24,1.000001,0.69230866,1.000001,0.0013513528,1.0,3,1,1,3,0,2,0.3076923,0.9986496,2,20+,multi_under_selection,IN,source3
SYNTHETIC VALIDATION — NOT COMPETITION PERFORMANCE,E0000261,261,45,0.35714376,0.12068987,0.35714376,0.12068987,1.0,1,0,0,1,0,1,0.23645389,0.23645389,0,20+,decision_miss,DE,source3
SYNTHETIC VALIDATION — NOT COMPETITION PERFORMANCE,E0000324,324,27,1.000001,0.89771944,1.000001,0.12500031,1.0,3,2,2,3,0,1,0.10228151,0.87500066,2,20+,multi_under_selection,DE,source2
SYNTHETIC VALIDATION — NOT COMPETITION PERFORMANCE,E0000430,430,59,0.0013513584,0.0013513532,,0.0013513584,,0,0,0,1,0,1,5.122274e-09,,0,20+,retrieval_miss,US,source2
SYNTHETIC VALIDATION — NOT COMPETITION PERFORMANCE,E0000495,495,32,1.000001,1.000001,1.000001,0.35714373,1.0,3,2,2,3,0,1,0.0,0.6428572,3,20+,multi_under_selection,BR,source2+source3
SYNTHETIC VALIDATION — NOT COMPETITION PERFORMANCE,E0000507,507,29,0.85714394,7.015301e-11,,0.85714394,,0,1,0,0,1,0,0.85714394,,1,20+,no_match_false_positive,US,none
SYNTHETIC VALIDATION — NOT COMPETITION PERFORMANCE,E0000508,508,26,0.8571439,0.35714376,0.8571439,0.0013513528,1.0,2,1,1,2,0,1,0.5000001,0.8557925,1,20+,multi_under_selection,DE,source2
SYNTHETIC VALIDATION — NOT COMPETITION PERFORMANCE,E0000571,571,30,1.000001,0.37500095,1.000001,1.8560833e-10,1.0,2,1,1,2,0,1,0.625,1.000001,1,20+,multi_under_selection,US,source2
SYNTHETIC VALIDATION — NOT COMPETITION PERFORMANCE,E0000631,631,38,1.000001,1.000001,1.000001,0.023809541,1.0,3,3,3,4,0,1,0.0,0.9761914,3,20+,retrieval_miss,DE,source2+source3
SYNTHETIC VALIDATION — NOT COMPETITION PERFORMANCE,E0000646,646,41,0.37500095,0.12068973,0.37500095,0.12068973,1.0,1,0,0,1,0,1,0.25431123,0.25431123,0,20+,decision_miss,IN,source2
SYNTHETIC VALIDATION — NOT COMPETITION PERFORMANCE,E0000658,658,30,3.418815e-11,1.9275337e-11,,3.418815e-11,,0,0,0,1,0,1,1.4912812e-11,,0,20+,retrieval_miss,FR,source2
SYNTHETIC VALIDATION — NOT COMPETITION PERFORMANCE,E0000752,752,27,1.000001,0.0013513527,1.000001,0.0013513527,1.0,1,1,1,2,0,1,0.9986496,0.9986496,1,20+,retrieval_miss,US,source2
SYNTHETIC VALIDATION — NOT COMPETITION PERFORMANCE,E0000845,845,46,1.000001,1.000001,1.000001,0.12068978,1.0,4,3,3,4,0,1,0.0,0.8793112,3,20+,multi_under_selection,IN,source2+source3
SYNTHETIC VALIDATION — NOT COMPETITION PERFORMANCE,E0000862,862,30,0.0013513522,2.9288752e-10,,0.0013513522,,0,0,0,1,0,1,0.0013513518,,0,20+,retrieval_miss,FR,source2
SYNTHETIC VALIDATION — NOT COMPETITION PERFORMANCE,E0000953,953,20,0.0013513534,0.0013513525,,0.0013513534,,0,0,0,1,0,1,8.1490725e-10,,0,5-20,retrieval_miss,US,source3
SYNTHETIC VALIDATION — NOT COMPETITION PERFORMANCE,E0000962,962,31,0.27586254,0.0013513518,0.27586254,0.0013513518,1.0,1,0,0,1,0,1,0.2745112,0.2745112,0,20+,decision_miss,US,source2
SYNTHETIC VALIDATION — NOT COMPETITION PERFORMANCE,E0001056,1056,38,1.000001,1.000001,1.000001,0.875001,1.0,2,3,2,2,1,0,0.0,0.12499994,3,20+,over_selection,BR,source2+source3
SYNTHETIC VALIDATION — NOT COMPETITION PERFORMANCE,E0001072,1072,43,1.000001,1.000001,1.000001,0.0013513529,1.0,4,3,3,4,0,1,0.0,0.9986496,4,20+,multi_under_selection,BR,source2+source3
SYNTHETIC VALIDATION — NOT COMPETITION PERFORMANCE,E0001110,1110,38,0.3571438,0.0013513529,0.3571438,0.0013513529,1.0,1,0,0,1,0,1,0.35579243,0.35579243,0,20+,decision_miss,US,source2
SYNTHETIC VALIDATION — NOT COMPETITION PERFORMANCE,E0001122,1122,22,0.35714376,0.35714367,0.35714376,0.35714367,1.0,1,0,0,1,0,1,8.940697e-08,8.940697e-08,0,20+,decision_miss,US,source3
SYNTHETIC VALIDATION — NOT COMPETITION PERFORMANCE,E0001147,1147,45,1.000001,1.000001,1.000001,9.234986e-11,1.0,4,3,3,4,0,1,0.0,1.000001,4,20+,multi_under_selection,US,source2+source3
SYNTHETIC VALIDATION — NOT COMPETITION PERFORMANCE,E0001150,1150,49,0.35714376,1.9605995e-10,0.35714376,1.9605995e-10,1.0,1,0,0,1,0,1,0.35714376,0.35714376,0,20+,decision_miss,US,source3
SYNTHETIC VALIDATION — NOT COMPETITION PERFORMANCE,E0001217,1217,45,1.000001,1.000001,1.000001,0.0013513521,1.0,4,3,3,4,0,1,0.0,0.9986496,3,20+,multi_under_selection,US,source2+source3
SYNTHETIC VALIDATION — NOT COMPETITION PERFORMANCE,E0001264,1264,43,1.000001,0.35714373,1.000001,0.35714373,1.0,2,1,1,2,0,1,0.6428572,0.6428572,1,20+,multi_under_selection,US,source3
SYNTHETIC VALIDATION — NOT COMPETITION PERFORMANCE,E0001319,1319,37,1.000001,1.000001,1.000001,0.8571439,1.0,3,4,3,3,1,0,0.0,0.14285707,4,20+,over_selection,FR,source2
SYNTHETIC VALIDATION — NOT COMPETITION PERFORMANCE,E0001337,1337,42,1.000001,0.12068991,1.000001,0.0013513523,1.0,2,1,1,2,0,1,0.879311,0.9986496,1,20+,multi_under_selection,US,source3
SYNTHETIC VALIDATION — NOT COMPETITION PERFORMANCE,E0001349,1349,25,0.120689906,0.0013513521,0.120689906,0.0013513521,1.0,1,0,0,1,0,1,0.11933856,0.11933856,0,20+,decision_miss,IN,source3
SYNTHETIC VALIDATION — NOT COMPETITION PERFORMANCE,E0001436,1436,40,0.12068983,9.572911e-11,,0.12068983,,0,0,0,1,0,1,0.12068983,,0,20+,retrieval_miss,US,source2
SYNTHETIC VALIDATION — NOT COMPETITION PERFORMANCE,E0001610,1610,20,1.000001,0.69230866,1.000001,0.35714367,1.0,2,1,1,2,0,1,0.3076923,0.6428573,2,5-20,multi_under_selection,BR,source2+source3
SYNTHETIC VALIDATION — NOT COMPETITION PERFORMANCE,E0001668,1668,30,0.875001,0.3571438,0.875001,0.001351352,1.0,2,1,1,2,0,1,0.5178572,0.87364966,1,20+,multi_under_selection,IN,source2
SYNTHETIC VALIDATION — NOT COMPETITION PERFORMANCE,E0001716,1716,37,1.000001,1.000001,1.000001,0.0013513524,1.0,4,3,3,4,0,1,0.0,0.9986496,4,20+,multi_under_selection,US,source2+source3
SYNTHETIC VALIDATION — NOT COMPETITION PERFORMANCE,E0001720,1720,32,1.000001,0.900001,1.000001,0.08333337,1.0,3,2,2,3,0,1,0.099999964,0.9166676,3,20+,multi_under_selection,DE,source2+source3
SYNTHETIC VALIDATION — NOT COMPETITION PERFORMANCE,E0001744,1744,35,0.37500092,4.1322005e-11,0.37500092,4.1322005e-11,1.0,1,0,0,1,0,1,0.37500092,0.37500092,0,20+,decision_miss,US,source2
SYNTHETIC VALIDATION — NOT COMPETITION PERFORMANCE,E0001784,1784,29,1.000001,0.8571439,1.000001,2.2218583e-11,1.0,3,2,2,3,0,1,0.14285707,1.000001,3,20+,multi_under_selection,IN,source2
SYNTHETIC VALIDATION — NOT COMPETITION PERFORMANCE,E0001794,1794,21,0.37500092,3.178435e-10,0.37500092,3.178435e-10,1.0,1,0,0,1,0,1,0.37500092,0.37500092,0,20+,decision_miss,FR,source3
SYNTHETIC VALIDATION — NOT COMPETITION PERFORMANCE,E0001809,1809,32,1.000001,1.000001,1.000001,4.3298486e-11,1.0,4,3,3,4,0,1,0.0,1.000001,3,20+,multi_under_selection,JP,source2+source3
SYNTHETIC VALIDATION — NOT COMPETITION PERFORMANCE,E0001836,1836,59,0.3571437,0.12068985,0.12068985,0.3571437,2.0,1,0,0,1,0,1,0.23645386,-0.23645386,0,20+,model_miss,US,source2
SYNTHETIC VALIDATION — NOT COMPETITION PERFORMANCE,E0001860,1860,27,0.35714367,0.12068992,0.35714367,0.12068992,1.0,1,0,0,1,0,1,0.23645374,0.23645374,0,20+,decision_miss,JP,source2
SYNTHETIC VALIDATION — NOT COMPETITION PERFORMANCE,E0001886,1886,40,0.35714367,0.0013513566,0.35714367,0.0013513566,1.0,1,0,0,1,0,1,0.3557923,0.3557923,0,20+,decision_miss,JP,source2
SYNTHETIC VALIDATION — NOT COMPETITION PERFORMANCE,E0001897,1897,36,1.000001,1.000001,1.000001,6.842544e-11,1.0,4,2,2,4,0,2,0.0,1.000001,2,20+,multi_under_selection,IN,source2+source3
SYNTHETIC VALIDATION — NOT COMPETITION PERFORMANCE,E0001904,1904,44,0.35714376,0.08333337,0.35714376,0.08333337,1.0,1,0,0,1,0,1,0.2738104,0.2738104,0,20+,decision_miss,US,source2
SYNTHETIC VALIDATION — NOT COMPETITION PERFORMANCE,E0001936,1936,38,1.000001,0.35714367,1.000001,0.0013513555,1.0,2,1,1,2,0,1,0.6428573,0.9986496,1,20+,multi_under_selection,US,source2+source3
SYNTHETIC VALIDATION — NOT COMPETITION PERFORMANCE,E0001971,1971,44,0.37500095,0.27586251,0.37500095,0.27586251,1.0,1,0,0,1,0,1,0.09913844,0.09913844,0,20+,decision_miss,BR,source2
SYNTHETIC VALIDATION — NOT COMPETITION PERFORMANCE,E0001982,1982,40,0.35714376,0.08333339,0.35714376,0.08333339,1.0,1,0,0,1,0,1,0.2738104,0.2738104,0,20+,decision_miss,FR,source3
SYNTHETIC VALIDATION — NOT COMPETITION PERFORMANCE,E0002026,2026,34,1.000001,0.69230866,1.000001,0.02380954,1.0,2,1,1,2,0,1,0.3076923,0.9761914,2,20+,multi_under_selection,DE,source2+source3
SYNTHETIC VALIDATION — NOT COMPETITION PERFORMANCE,E0002079,2079,26,0.35714355,1.1388028e-10,0.35714355,1.1388028e-10,1.0,1,0,0,1,0,1,0.35714355,0.35714355,0,20+,decision_miss,FR,source3
SYNTHETIC VALIDATION — NOT COMPETITION PERFORMANCE,E0002228,2228,31,1.000001,1.000001,1.000001,2.1504666e-10,1.0,4,3,3,4,0,1,0.0,1.000001,4,20+,multi_under_selection,DE,source2+source3
SYNTHETIC VALIDATION — NOT COMPETITION PERFORMANCE,E0002233,2233,28,0.8571439,0.37500095,0.8571439,6.4484314e-11,1.0,2,1,1,2,0,1,0.48214293,0.8571439,1,20+,multi_under_selection,DE,source2+source3
SYNTHETIC VALIDATION — NOT COMPETITION PERFORMANCE,E0002253,2253,41,1.000001,0.35714358,1.000001,0.27586254,1.0,2,1,1,2,0,1,0.6428574,0.7241384,1,20+,multi_under_selection,US,source2+source3
SYNTHETIC VALIDATION — NOT COMPETITION PERFORMANCE,E0002327,2327,38,0.37500095,0.0013513523,0.37500095,0.0013513523,1.0,1,0,0,1,0,1,0.3736496,0.3736496,0,20+,decision_miss,FR,source3
SYNTHETIC VALIDATION — NOT COMPETITION PERFORMANCE,E0002450,2450,29,1.000001,1.000001,1.000001,2.3256067e-11,1.0,4,3,3,4,0,1,0.0,1.000001,4,20+,multi_under_selection,US,source2+source3
SYNTHETIC VALIDATION — NOT COMPETITION PERFORMANCE,E0002500,2500,46,0.0013513518,4.585137e-11,,0.0013513518,,0,0,0,1,0,1,0.0013513518,,0,20+,retrieval_miss,US,source3
SYNTHETIC VALIDATION — NOT COMPETITION PERFORMANCE,E0002528,2528,55,1.000001,1.000001,1.000001,0.35714376,1.0,3,2,2,3,0,1,0.0,0.6428572,3,20+,multi_under_selection,US,source2+source3
SYNTHETIC VALIDATION — NOT COMPETITION PERFORMANCE,E0002551,2551,46,0.12068981,0.0013513522,0.12068981,0.0013513522,1.0,1,0,0,1,0,1,0.11933846,0.11933846,0,20+,decision_miss,US,source3
SYNTHETIC VALIDATION — NOT COMPETITION PERFORMANCE,E0002554,2554,36,1.000001,1.000001,1.000001,0.3571435,1.0,4,3,3,4,0,1,0.0,0.64285743,3,20+,multi_under_selection,US,source2+source3
SYNTHETIC VALIDATION — NOT COMPETITION PERFORMANCE,E0002555,2555,45,0.08333339,0.019607857,0.08333339,0.019607857,1.0,1,0,0,1,0,1,0.06372553,0.06372553,0,20+,decision_miss,US,source3
SYNTHETIC VALIDATION — NOT COMPETITION PERFORMANCE,E0002622,2622,58,1.000001,1.000001,1.000001,0.12068986,1.0,3,2,2,3,0,1,0.0,0.8793111,2,20+,multi_under_selection,US,source2+source3
SYNTHETIC VALIDATION — NOT COMPETITION PERFORMANCE,E0002803,2803,27,1.000001,1.000001,1.000001,0.0013513531,1.0,2,2,2,3,0,1,0.0,0.9986496,2,20+,retrieval_miss,US,source2+source3
SYNTHETIC VALIDATION — NOT COMPETITION PERFORMANCE,E0002840,2840,42,1.000001,0.69230866,1.000001,1.1366788e-10,1.0,2,1,1,2,0,1,0.3076923,1.000001,2,20+,multi_under_selection,US,source2+source3
SYNTHETIC VALIDATION — NOT COMPETITION PERFORMANCE,E0002962,2962,41,0.8571439,3.4845052e-10,,0.8571439,,0,1,0,0,1,0,0.8571439,,1,20+,no_match_false_positive,US,none
SYNTHETIC VALIDATION — NOT COMPETITION PERFORMANCE,E0002976,2976,42,1.000001,1.000001,1.000001,0.0013513525,1.0,4,3,3,4,0,1,0.0,0.9986496,3,20+,multi_under_selection,US,source2+source3
SYNTHETIC VALIDATION — NOT COMPETITION PERFORMANCE,E0002994,2994,44,0.69230866,0.35714364,0.69230866,0.35714364,1.0,1,1,1,2,0,1,0.33516502,0.33516502,1,20+,retrieval_miss,JP,source3
SYNTHETIC VALIDATION — NOT COMPETITION PERFORMANCE,E0003031,3031,36,1.000001,1.000001,1.000001,1.000001,2.0,1,2,1,1,1,0,0.0,0.0,2,20+,over_selection,DE,source3
SYNTHETIC VALIDATION — NOT COMPETITION PERFORMANCE,E0003034,3034,26,1.000001,0.3571438,1.000001,1.12220226e-10,1.0,2,1,1,2,0,1,0.6428572,1.000001,1,20+,multi_under_selection,US,source2+source3
SYNTHETIC VALIDATION — NOT COMPETITION PERFORMANCE,E0003066,3066,56,0.35714355,0.019607853,,0.35714355,,0,0,0,1,0,1,0.3375357,,0,20+,retrieval_miss,US,source3
SYNTHETIC VALIDATION — NOT COMPETITION PERFORMANCE,E0003074,3074,27,1.000001,0.08333337,1.000001,2.5514288e-10,1.0,2,1,1,2,0,1,0.9166676,1.000001,1,20+,multi_under_selection,US,source2+source3
SYNTHETIC VALIDATION — NOT COMPETITION PERFORMANCE,E0003077,3077,42,0.12068973,0.08333338,0.12068973,0.08333338,1.0,1,0,0,1,0,1,0.037356347,0.037356347,0,20+,decision_miss,FR,source2
SYNTHETIC VALIDATION — NOT COMPETITION PERFORMANCE,E0003256,3256,38,1.000001,0.35714355,1.000001,0.0013513518,1.0,2,1,1,2,0,1,0.64285743,0.9986496,1,20+,multi_under_selection,DE,source2
SYNTHETIC VALIDATION — NOT COMPETITION PERFORMANCE,E0003271,3271,43,0.019607855,2.232767e-10,,0.019607855,,0,0,0,1,0,1,0.019607855,,0,20+,retrieval_miss,US,source3
SYNTHETIC VALIDATION — NOT COMPETITION PERFORMANCE,E0003286,3286,31,0.7684878,0.12068976,,0.7684878,,0,1,0,0,1,0,0.64779806,,1,20+,no_match_false_positive,FR,none
SYNTHETIC VALIDATION — NOT COMPETITION PERFORMANCE,E0003341,3341,31,0.019607855,2.7308614e-10,,0.019607855,,0,0,0,1,0,1,0.019607855,,0,20+,retrieval_miss,US,source2
SYNTHETIC VALIDATION — NOT COMPETITION PERFORMANCE,E0003356,3356,32,1.000001,1.000001,1.000001,0.019607855,1.0,4,2,2,4,0,2,0.0,0.9803931,3,20+,multi_under_selection,US,source2+source3
SYNTHETIC VALIDATION — NOT COMPETITION PERFORMANCE,E0003454,3454,28,1.000001,0.7222232,1.000001,1.5508071e-10,1.0,2,1,1,2,0,1,0.27777773,1.000001,2,20+,multi_under_selection,US,source3
SYNTHETIC VALIDATION — NOT COMPETITION PERFORMANCE,E0003488,3488,49,0.27586257,0.0833334,0.27586257,0.0833334,1.0,1,0,0,1,0,1,0.19252917,0.19252917,0,20+,decision_miss,BR,source3
SYNTHETIC VALIDATION — NOT COMPETITION PERFORMANCE,E0003527,3527,43,1.000001,1.000001,1.000001,0.0013513518,1.0,3,2,2,4,0,2,0.0,0.9986496,3,20+,multi_under_selection,JP,source2+source3
SYNTHETIC VALIDATION — NOT COMPETITION PERFORMANCE,E0003530,3530,35,1.000001,1.000001,1.000001,0.12500036,1.0,3,2,2,3,0,1,0.0,0.8750006,3,20+,multi_under_selection,BR,source2+source3
SYNTHETIC VALIDATION — NOT COMPETITION PERFORMANCE,E0003556,3556,41,0.35714367,8.4814065e-11,0.35714367,8.4814065e-11,1.0,1,0,0,1,0,1,0.35714367,0.35714367,0,20+,decision_miss,US,source2
SYNTHETIC VALIDATION — NOT COMPETITION PERFORMANCE,E0003600,3600,24,1.000001,1.000001,1.000001,2.12788e-11,1.0,4,3,3,4,0,1,0.0,1.000001,4,20+,multi_under_selection,JP,source2+source3
SYNTHETIC VALIDATION — NOT COMPETITION PERFORMANCE,E0003646,3646,46,1.000001,0.35714373,1.000001,3.8973068e-11,1.0,2,1,1,2,0,1,0.6428572,1.000001,1,20+,multi_under_selection,US,source2+source3
SYNTHETIC VALIDATION — NOT COMPETITION PERFORMANCE,E0003662,3662,40,0.12068984,0.0013513586,0.12068984,0.0013513586,1.0,1,0,0,1,0,1,0.11933848,0.11933848,0,20+,decision_miss,FR,source3
SYNTHETIC VALIDATION — NOT COMPETITION PERFORMANCE,E0003664,3664,24,0.33333394,2.6400737e-10,,0.33333394,,0,0,0,1,0,1,0.33333394,,0,20+,retrieval_miss,US,source2
SYNTHETIC VALIDATION — NOT COMPETITION PERFORMANCE,E0003679,3679,28,0.37500098,0.023809537,0.37500098,0.023809537,1.0,1,0,0,1,0,1,0.35119146,0.35119146,0,20+,decision_miss,US,source3
SYNTHETIC VALIDATION — NOT COMPETITION PERFORMANCE,E0003686,3686,40,0.120689735,0.001351352,0.120689735,0.001351352,1.0,1,0,0,1,0,1,0.119338386,0.119338386,0,20+,decision_miss,US,source3
SYNTHETIC VALIDATION — NOT COMPETITION PERFORMANCE,E0003720,3720,39,1.000001,0.85714394,1.000001,0.85714394,1.0,1,2,1,1,1,0,0.14285702,0.14285702,2,20+,over_selection,DE,source2
SYNTHETIC VALIDATION — NOT COMPETITION PERFORMANCE,E0003751,3751,27,1.000001,0.900001,1.000001,0.900001,1.0,2,3,2,2,1,0,0.099999964,0.099999964,3,20+,over_selection,IN,source2+source3
SYNTHETIC VALIDATION — NOT COMPETITION PERFORMANCE,E0003814,3814,36,0.7222232,0.12068978,,0.7222232,,0,1,0,0,1,0,0.6015334,,1,20+,no_match_false_positive,US,none
SYNTHETIC VALIDATION — NOT COMPETITION PERFORMANCE,E0003824,3824,30,1.000001,1.000001,1.000001,1.5011329e-11,1.0,3,2,2,3,0,1,0.0,1.000001,2,20+,multi_under_selection,BR,source2+source3
SYNTHETIC VALIDATION — NOT COMPETITION PERFORMANCE,E0003904,3904,29,1.000001,0.70000094,1.000001,0.70000094,1.0,2,1,1,2,0,1,0.3,0.3,2,20+,multi_under_selection,JP,source2+source3
SYNTHETIC VALIDATION — NOT COMPETITION PERFORMANCE,E0004071,4071,44,0.70000094,0.023809543,,0.70000094,,0,1,0,0,1,0,0.6761914,,1,20+,no_match_false_positive,IN,none
SYNTHETIC VALIDATION — NOT COMPETITION PERFORMANCE,E0004103,4103,33,1.000001,0.85714394,1.000001,0.85714394,1.0,1,2,1,1,1,0,0.14285702,0.14285702,2,20+,over_selection,FR,source2
SYNTHETIC VALIDATION — NOT COMPETITION PERFORMANCE,E0004112,4112,50,1.000001,0.70000094,1.000001,1.1020642e-10,1.0,2,1,1,2,0,1,0.3,1.000001,2,20+,multi_under_selection,FR,source2+source3
SYNTHETIC VALIDATION — NOT COMPETITION PERFORMANCE,E0004145,4145,40,1.000001,0.0013513548,1.000001,0.0013513548,1.0,1,1,1,2,0,1,0.9986496,0.9986496,1,20+,retrieval_miss,IN,source2+source3
SYNTHETIC VALIDATION — NOT COMPETITION PERFORMANCE,E0004227,4227,41,0.33333388,0.0013513598,0.33333388,0.0013513598,1.0,1,0,0,1,0,1,0.33198252,0.33198252,0,20+,decision_miss,US,source3
SYNTHETIC VALIDATION — NOT COMPETITION PERFORMANCE,E0004288,4288,34,0.35714376,0.35714364,0.35714364,0.35714376,2.0,1,0,0,1,0,1,1.1920929e-07,-1.1920929e-07,0,20+,model_miss,BR,source3
SYNTHETIC VALIDATION — NOT COMPETITION PERFORMANCE,E0004399,4399,38,1.000001,0.69230866,1.000001,0.001351352,1.0,2,1,1,2,0,1,0.3076923,0.9986496,2,20+,multi_under_selection,BR,source2+source3
SYNTHETIC VALIDATION — NOT COMPETITION PERFORMANCE,E0004466,4466,55,1.000001,0.900001,1.000001,0.8571439,1.0,2,3,2,2,1,0,0.099999964,0.14285707,3,20+,over_selection,US,source2
SYNTHETIC VALIDATION — NOT COMPETITION PERFORMANCE,E0004468,4468,48,1.000001,1.000001,1.000001,0.0833334,1.0,3,2,2,4,0,2,0.0,0.9166676,2,20+,multi_under_selection,BR,source2+source3
SYNTHETIC VALIDATION — NOT COMPETITION PERFORMANCE,E0004485,4485,59,1.000001,1.000001,1.000001,0.0013513584,1.0,3,3,3,4,0,1,0.0,0.9986496,3,20+,retrieval_miss,US,source2+source3
SYNTHETIC VALIDATION — NOT COMPETITION PERFORMANCE,E0004499,4499,41,0.900001,0.35714346,0.900001,0.0013513524,1.0,2,1,1,2,0,1,0.5428575,0.89864963,1,20+,multi_under_selection,US,source2+source3
SYNTHETIC VALIDATION — NOT COMPETITION PERFORMANCE,E0004563,4563,17,0.35714358,1.2233646e-10,0.35714358,1.2233646e-10,1.0,1,0,0,1,0,1,0.35714358,0.35714358,0,5-20,decision_miss,DE,source3
SYNTHETIC VALIDATION — NOT COMPETITION PERFORMANCE,E0004572,4572,26,1.000001,0.69230866,1.000001,0.08333339,1.0,3,1,1,3,0,2,0.3076923,0.9166676,2,20+,multi_under_selection,FR,source2+source3
SYNTHETIC VALIDATION — NOT COMPETITION PERFORMANCE,E0004595,4595,48,1.000001,1.000001,1.000001,0.0013513592,1.0,4,3,3,4,0,1,0.0,0.9986496,4,20+,multi_under_selection,US,source2+source3
SYNTHETIC VALIDATION — NOT COMPETITION PERFORMANCE,E0004654,4654,26,1.000001,1.000001,1.000001,1.7737102e-10,1.0,4,3,3,4,0,1,0.0,1.000001,3,20+,multi_under_selection,DE,source2+source3
SYNTHETIC VALIDATION — NOT COMPETITION PERFORMANCE,E0004729,4729,28,0.35714376,5.750435e-11,0.35714376,5.750435e-11,1.0,1,0,0,1,0,1,0.35714376,0.35714376,0,20+,decision_miss,US,source2
SYNTHETIC VALIDATION — NOT COMPETITION PERFORMANCE,E0004759,4759,39,0.70000094,2.3857785e-10,,0.70000094,,0,1,0,0,1,0,0.70000094,,1,20+,no_match_false_positive,US,none
SYNTHETIC VALIDATION — NOT COMPETITION PERFORMANCE,E0004855,4855,41,0.35714352,0.0013513537,0.35714352,0.0013513537,1.0,1,0,0,1,0,1,0.35579216,0.35579216,0,20+,decision_miss,BR,source3
SYNTHETIC VALIDATION — NOT COMPETITION PERFORMANCE,E0004868,4868,35,0.12068976,0.0013513525,3.5205794e-10,0.12068976,8.0,1,0,0,1,0,1,0.11933841,-0.12068976,0,20+,model_miss,IN,source3
SYNTHETIC VALIDATION — NOT COMPETITION PERFORMANCE,E0005008,5008,39,1.000001,0.12068979,1.000001,3.3466876e-10,1.0,2,1,1,2,0,1,0.87931114,1.000001,1,20+,multi_under_selection,IN,source2+source3
SYNTHETIC VALIDATION — NOT COMPETITION PERFORMANCE,E0005017,5017,41,1.000001,1.000001,1.000001,1.8023004e-10,1.0,3,2,2,4,0,2,0.0,1.000001,2,20+,multi_under_selection,US,source2+source3
SYNTHETIC VALIDATION — NOT COMPETITION PERFORMANCE,E0005150,5150,39,1.000001,1.000001,1.000001,0.0833334,1.0,3,2,2,3,0,1,0.0,0.9166676,2,20+,multi_under_selection,BR,source2+source3
SYNTHETIC VALIDATION — NOT COMPETITION PERFORMANCE,E0005165,5165,32,1.000001,0.900001,1.000001,0.0013513548,1.0,3,2,2,3,0,1,0.099999964,0.9986496,3,20+,multi_under_selection,IN,source2+source3
SYNTHETIC VALIDATION — NOT COMPETITION PERFORMANCE,E0005225,5225,32,1.000001,1.000001,1.000001,3.7956424e-10,1.0,4,2,2,4,0,2,0.0,1.000001,2,20+,multi_under_selection,US,source2+source3
SYNTHETIC VALIDATION — NOT COMPETITION PERFORMANCE,E0005264,5264,31,1.000001,1.000001,1.000001,1.0407976e-11,1.0,3,2,2,3,0,1,0.0,1.000001,2,20+,multi_under_selection,US,source2+source3
SYNTHETIC VALIDATION — NOT COMPETITION PERFORMANCE,E0005277,5277,39,0.6923086,0.3571438,0.6923086,2.7504213e-10,1.0,2,1,1,2,0,1,0.33516482,0.6923086,1,20+,multi_under_selection,US,source2
SYNTHETIC VALIDATION — NOT COMPETITION PERFORMANCE,E0005286,5286,59,1.000001,1.000001,1.000001,0.3571438,1.0,4,3,3,4,0,1,0.0,0.6428572,3,20+,multi_under_selection,US,source2+source3
SYNTHETIC VALIDATION — NOT COMPETITION PERFORMANCE,E0005313,5313,38,1.000001,0.70000094,1.000001,1.1454661e-10,1.0,2,1,1,2,0,1,0.3,1.000001,2,20+,multi_under_selection,US,source2+source3
SYNTHETIC VALIDATION — NOT COMPETITION PERFORMANCE,E0005317,5317,58,0.120689936,0.02380954,0.120689936,0.02380954,1.0,1,0,0,1,0,1,0.0968804,0.0968804,0,20+,decision_miss,US,source3
SYNTHETIC VALIDATION — NOT COMPETITION PERFORMANCE,E0005378,5378,31,0.083333395,1.796242e-11,0.083333395,1.796242e-11,1.0,1,0,0,1,0,1,0.083333395,0.083333395,0,20+,decision_miss,US,source3
SYNTHETIC VALIDATION — NOT COMPETITION PERFORMANCE,E0005409,5409,38,1.000001,0.900001,1.000001,0.900001,1.0,1,2,1,1,1,0,0.099999964,0.099999964,2,20+,over_selection,US,source2
SYNTHETIC VALIDATION — NOT COMPETITION PERFORMANCE,E0005597,5597,40,1.000001,0.3571437,1.000001,0.120689735,1.0,2,1,1,2,0,1,0.64285725,0.8793112,1,20+,multi_under_selection,FR,source2+source3
SYNTHETIC VALIDATION — NOT COMPETITION PERFORMANCE,E0005619,5619,28,0.0013513571,2.5604754e-11,,0.0013513571,,0,0,0,1,0,1,0.0013513571,,0,20+,retrieval_miss,BR,source2
SYNTHETIC VALIDATION — NOT COMPETITION PERFORMANCE,E0005625,5625,40,1.000001,1.000001,1.000001,2.481986e-10,1.0,4,2,2,4,0,2,0.0,1.000001,2,20+,multi_under_selection,BR,source2+source3
SYNTHETIC VALIDATION — NOT COMPETITION PERFORMANCE,E0005667,5667,25,1.000001,1.000001,1.000001,0.001351353,1.0,4,3,3,4,0,1,0.0,0.9986496,4,20+,multi_under_selection,BR,source2+source3
SYNTHETIC VALIDATION — NOT COMPETITION PERFORMANCE,E0005683,5683,40,0.12068982,9.879994e-11,0.12068982,9.879994e-11,1.0,1,0,0,1,0,1,0.12068982,0.12068982,0,20+,decision_miss,IN,source3
SYNTHETIC VALIDATION — NOT COMPETITION PERFORMANCE,E0005815,5815,32,1.000001,1.000001,1.000001,1.1488185e-10,1.0,3,2,2,3,0,1,0.0,1.000001,3,20+,multi_under_selection,US,source3
SYNTHETIC VALIDATION — NOT COMPETITION PERFORMANCE,E0005851,5851,26,1.000001,0.37500095,1.000001,0.0013513549,1.0,2,1,1,2,0,1,0.625,0.9986496,1,20+,multi_under_selection,DE,source2+source3
SYNTHETIC VALIDATION — NOT COMPETITION PERFORMANCE,E0005872,5872,44,1.000001,0.35714376,1.000001,0.001351352,1.0,2,1,1,2,0,1,0.6428572,0.9986496,1,20+,multi_under_selection,US,source2+source3
SYNTHETIC VALIDATION — NOT COMPETITION PERFORMANCE,E0005913,5913,45,1.000001,1.000001,1.000001,0.023809541,1.0,2,2,2,3,0,1,0.0,0.9761914,2,20+,retrieval_miss,JP,source3
